timestamp,biller,cpu_usage_us
2020-10-14,landandocean,55775017
2020-10-14,prospectorsb,425563
2020-10-14,5oyxunqf53go,3831424
2020-10-14,5utwt4wdqcg1,7646137
2020-10-14,billionbot14,6586
2020-10-14,sanguocpucpu,2072837
2020-10-14,vptpdv5fg5ta,3823013
2020-10-14,icodextrader,115894
2020-10-14,rentcpu1oow1,3252961
2020-10-14,rentcpu2oow1,7641892
2020-10-14,aaaaaaaaaabe,335122
2020-10-14,hisbicustea1,2224427
2020-10-14,..........bg,1663856
2020-10-14,osx4tpku2wug,7645588
2020-10-14,1xsridm5splx,3825980
2020-10-14,miner1.wal,5683671
2020-10-14,jksqmwdylo2m,7645721
2020-10-14,fogmq5vzrxuf,3824094
2020-10-14,1stbill.tp,570480
2020-10-14,huz13q3fguci,3822948
2020-10-14,u2x11len2t2b,7644671
2020-10-14,dajzn1sqlpb5,3837630
2020-10-14,p2l51hvdki4a,3820401
2020-10-14,nsw2rdavx2og,3819997
2020-10-14,betdicegroup,2652225
2020-10-14,fwhchbxcfg3s,7645883
2020-10-14,3rgdxoh4v42s,3821473
2020-10-14,igec4jb1m1a5,3822488
2020-10-14,4bxqqb2tllx1,7644173
2020-10-14,bluebetbulls,862665
2020-10-14,believethose,1955655
2020-10-14,ldyikii54lmm,3822324
2020-10-14,111.3,345219
2020-10-14,googleblock1,874
2020-10-14,common.eo,54216
2020-10-14,woolfinharve,845531
2020-10-14,eosproxy1111,3820266
2020-10-14,appleiphonex,208009
2020-10-14,cpunownownow,365942
2020-10-14,eosmechanics,73578
2020-10-14,mykeypostman,713412
2020-10-14,z2xxerzbogvp,3822554
2020-10-14,rentcpu2oow3,7649185
2020-10-14,pfp3iincv21p,7644233
2020-10-14,mimyb3h1mzsw,3822716
2020-10-14,bnr513422155,100606
2020-10-14,playuplandme,206051
2020-10-14,nlcinrgpzjpq,7645907
2020-10-14,rentcpu1oow2,3823454
2020-10-14,ogornay1kspd,3822915
2020-10-14,oosjcjv5myti,7648002
2020-10-14,felixcosignr,879445
2020-10-14,pink.bank,87822
2020-10-14,galaxymining,2001075
2020-10-14,eosreeladm1n,105761
2020-10-14,morningstar1,51506
2020-10-14,rentcpu2oow2,7645210
2020-10-14,felixeosgame,1264245
2020-10-14,rogerwinslam,1916560
2020-10-14,1qzjupabimd2,3831506
2020-10-14,x5nvb1tucqk2,5736296
2020-10-14,khteye5vapll,7640255
2020-10-14,ipsecontract,1950785
2020-10-14,smozpwowlvht,7637773
2020-10-14,hmibgfopqf5z,3824620
2020-10-14,scientistalb,144355
2020-10-14,thebogdanoff,19024
2020-10-14,re21l3fkipdj,3839595
2020-10-14,teamgreymass,40619
2020-10-14,tp132513255a,8631
2020-10-14,gm4dgnrzhege,12082
2020-10-14,njpjgujxbou4,3811898
2020-10-14,5gnrofcgquhm,3816290
2020-10-14,2u111veyamlh,3817441
2020-10-14,iamdifferent,1752457
2020-10-14,5hedxzqf2up3,3820378
2020-10-14,felixchoicex,199201
2020-10-14,izcv2brw3sqe,7818777
2020-10-14,bcr2.epg,7947
2020-10-14,wombatresmgr,196914
2020-10-14,movingtomoon,223024
2020-10-14,usdefeedcnct,39849
2020-10-14,aslrrdtnzgdd,3816172
2020-10-14,kd1zdohslm4h,3822247
2020-10-14,mzg3nigbz2z4,3819253
2020-10-14,5fm2opqwnxms,3818473
2020-10-14,rentcpu1oow3,3821567
2020-10-14,iloveeosbp11,3816659
2020-10-14,rentcpu1oow4,3820504
2020-10-14,iloveeosbp12,3823686
2020-10-14,h5rea3jzxdlk,1918580
2020-10-14,eosdmdworker,3057509
2020-10-14,tankedazanya,1372165
2020-10-14,csxcommunity,37450
2020-10-14,rizalichsan1,789
2020-10-14,ipwdbqb1axhq,3176
2020-10-14,pascaleosage,50107
2020-10-14,eossunrainwu,36264
2020-10-14,rentcpuo2ow1,27074
2020-10-14,ha4dombsgmge,78940
2020-10-14,eoskmj11mjbg,451
2020-10-14,babyiscoming,240132
2020-10-14,4bruozqoe3x4,108589
2020-10-14,hundouluo111,1273301
2020-10-14,floridaoneos,58425
2020-10-14,bbingamebac1,133769
2020-10-14,stablequan11,67055
2020-10-14,dhfjijwofi55,22954
2020-10-14,efxrequester,2526
2020-10-14,bigbigwinner,140799
2020-10-14,roulettespin,11796
2020-10-14,mrnlfvyqsuwk,804390
2020-10-14,bxh2ildoyjnu,1915800
2020-10-14,bsuktmznpg3f,1150718
2020-10-14,totrabracead,54214
2020-10-14,baidudituhao,1470568
2020-10-14,vwdkolamq5xh,3804167
2020-10-14,bobobobobo55,26178
2020-10-14,se4xjymvrkcg,4417781
2020-10-14,woyzgpfu3145,1149457
2020-10-14,xyeosyouziqb,44306
2020-10-14,oooodxdxoooo,670
2020-10-14,coralmanager,15208
2020-10-14,alohaeosfue2,67425
2020-10-14,johnatboid11,88512
2020-10-14,boat1.epg,4062
2020-10-14,cmichel.q,111586
2020-10-14,aus1genereos,25305
2020-10-14,eosioupptrdb,33211
2020-10-14,billionbot13,5624
2020-10-14,gu2damjshage,2900
2020-10-14,stpobn2cdaxz,2825082
2020-10-14,guydeojwgage,50442
2020-10-14,43vxynfoilbp,3791289
2020-10-14,zouyancici11,18004
2020-10-14,enobdl1tvf53,1902619
2020-10-14,eoshashhouse,376108
2020-10-14,bwgjfnayskle,1145023
2020-10-14,4e2qnlgjdvzr,1915839
2020-10-14,eosholicbsj4,758711
2020-10-14,miner3.wal,255631
2020-10-14,eosjohnnyeos,131536
2020-10-14,haytinrzgege,12143
2020-10-14,hehehesheshe,21572
2020-10-14,h2tp4dhdncw2,275
2020-10-14,acpuproxy111,4457
2020-10-14,realcar4you1,11606
2020-10-14,vuniyuoxoeub,8452
2020-10-14,carrotsadmin,33448
2020-10-14,eosriobrazil,36827
2020-10-14,boat2.epg,4346
2020-10-14,eostitanprod,53698
2020-10-14,oic2na3wv1eh,957248
2020-10-14,fairbethouse,31315
2020-10-14,kodgvqi1naws,3776914
2020-10-14,gu3tkojrgage,354
2020-10-14,npseosdealer,35606
2020-10-14,eostoolsfree,6996
2020-10-14,ivote4eosusa,65153
2020-10-14,hezdsnryhage,67743
2020-10-14,eosramirico2,1343
2020-10-14,eosusavigor1,99574
2020-10-14,helmibireuen,2026
2020-10-14,pzalendmoves,354461
2020-10-14,maxmaxmaxmac,42599
2020-10-14,billionbot12,7824
2020-10-14,phatstwiztid,7468
2020-10-14,lxltzhangjun,1627
2020-10-14,felixdicewlt,85981
2020-10-14,jamestaggart,50998
2020-10-14,felixdicecpu,75346
2020-10-14,eosdtmonitor,8610
2020-10-14,nblabtokenpt,497
2020-10-14,eospherexdsp,1157
2020-10-14,alysacyminer,167939
2020-10-14,gyzdmmbrgyge,311888
2020-10-14,zepiwallet22,1501
2020-10-14,zbeosbp11112,491
2020-10-14,gq2dsojsgage,5212
2020-10-14,jovanamarin5,601
2020-10-14,piecesworker,24436
2020-10-14,ac.eos,2984
2020-10-14,billionbot11,7241
2020-10-14,11111111112g,66516
2020-10-14,ptomineholds,16775
2020-10-14,mkyredpacket,169
2020-10-14,blocktivity1,1618
2020-10-14,abracadabrac,3743
2020-10-14,eosrushadmin,60051
2020-10-14,sportbetmonk,2806
2020-10-14,mxcexdeposit,177
2020-10-14,emanateghost,999
2020-10-14,znlmaster111,67353
2020-10-14,argentinaeos,18755
2020-10-14,zerobanks111,230
2020-10-14,bibox3wallet,1461
2020-10-14,aaaaaaaaaabf,4382
2020-10-14,ptominelpact,22603
2020-10-14,abcdefg12123,1676
2020-10-14,battlebricks,3226
2020-10-14,eostokenred1,952
2020-10-14,deguebuernif,34625
2020-10-14,gi4dcnrugmge,956
2020-10-14,cortsworks11,1756
2020-10-14,yupaccounts1,12756
2020-10-14,iamawhale.m,8862
2020-10-14,eosdogsadmin,8467
2020-10-14,pdsrz4bsgdzc,6494
2020-10-14,candysadmins,41919
2020-10-14,eoshoowallet,405
2020-10-14,pzapayforcpu,36150
2020-10-14,evrpdcronjob,83564
2020-10-14,bluecaribper,179
2020-10-14,miner.sx,27422
2020-10-14,accountzebra,563
2020-10-14,st41bxsngoyn,184
2020-10-14,bcr1.epg,8702
2020-10-14,wallthoteos1,802
2020-10-14,magieboxbank,1358
2020-10-14,airdropsdac1,7736
2020-10-14,s1prdmonitor,685
2020-10-14,morrisville1,331
2020-10-14,faglobalag41,5514
2020-10-14,tpredpackets,11824
2020-10-14,heztanrqgene,3983
2020-10-14,gbportalcpu1,2943
2020-10-14,bocaieosgame,51838
2020-10-14,hamburgermgr,4725
2020-10-14,tokensammler,15264
2020-10-14,maidemar1431,370
2020-10-14,wallthoteos3,1824
2020-10-14,yaocoreadmin,122446
2020-10-14,felixwebuser,6314
2020-10-14,praeos111eos,1469
2020-10-14,oriin.link,2488
2020-10-14,swordnmagicc,570
2020-10-14,g4zdimjtgqge,471
2020-10-14,kindkindkind,38878
2020-10-14,tippedtipped,25117
2020-10-14,bithumbrecv1,800
2020-10-14,eocoinclient,283178
2020-10-14,zyymfhymfhzy,780
2020-10-14,dragonfly44c,179369
2020-10-14,alibabaly123,2772
2020-10-14,gy3denrqgege,334
2020-10-14,vigorvigbot1,3251
2020-10-14,bbmainacc112,18041
2020-10-14,starteos.eos,29894
2020-10-14,louisianausa,725
2020-10-14,eublockbased,650
2020-10-14,poolsmanager,170759
2020-10-14,eosupbitshot,1808
2020-10-14,trogirdalmat,604
2020-10-14,blockbasenhl,720
2020-10-14,blockbasebbt,579
2020-10-14,smartbigdata,619
2020-10-14,informaticar,569
2020-10-14,gyztinjqgage,1584
2020-10-14,thisisthefun,638
2020-10-14,thebestcloud,666
2020-10-14,maascapital1,573
2020-10-14,sdnzbba11111,665
2020-10-14,senseitbbsp1,700
2020-10-14,blockbaseacc,622
2020-10-14,capitallllll,620
2020-10-14,generationyz,551
2020-10-14,1cryptochief,3857
2020-10-14,blockbaserrr,613
2020-10-14,gu4tkobwgage,3946
2020-10-14,eosusabbase1,705
2020-10-14,animusbbnode,408
2020-10-14,bbspnodeone1,3229
2020-10-14,walvalidator,3135
2020-10-14,tp,8404
2020-10-14,bbtestacc112,3104
2020-10-14,kvbprimebank,647
2020-10-14,yucengyu5555,13042
2020-10-14,guztqojugyge,445
2020-10-14,tteos11.bank,107999
2020-10-14,xpetioadmin1,3321
2020-10-14,felixtokenio,2108
2020-10-14,gu4dcmjuguge,1987
2020-10-14,mosstheboss1,743
2020-10-14,carrottomato,490
2020-10-14,gu2tsnbwgqge,1453
2020-10-14,hunterldw.tp,24059
2020-10-14,km3km3km3km3,9702
2020-10-14,gateiowallet,471
2020-10-14,gotciosource,9463
2020-10-14,sialiueos333,1635
2020-10-14,china54321yh,4080
2020-10-14,jxyclxj521xh,1324
2020-10-14,uyhjhbnkmlpp,687
2020-10-14,felixdistrib,22452
2020-10-14,gardenisland,747
2020-10-14,eosholder555,8023
2020-10-14,dappdapp5555,1813
2020-10-14,eoschinausdt,2576
2020-10-14,smccyd123123,324
2020-10-14,s3devmonitor,720
2020-10-14,registry.sx,19776
2020-10-14,bluebettexas,193769
2020-10-14,ovvcgwa4kuen,247
2020-10-14,equilikeeper,4095
2020-10-14,pussycamgirl,804
2020-10-14,lixiandeid15,539
2020-10-14,fenying11111,1120
2020-10-14,eosphereiobp,4254
2020-10-14,w45ilksjtabs,121
2020-10-14,kucoinriseup,900
2020-10-14,12345.com,12932
2020-10-14,bigeosbigone,1621
2020-10-14,eos.yes,2138
2020-10-14,eos12heos12h,199
2020-10-14,corts1111111,1165
2020-10-14,reporter1111,198
2020-10-14,zzz333444zzz,297
2020-10-14,ifswapholder,46548
2020-10-14,battlebrkusr,10511
2020-10-14,myeos1122334,355
2020-10-14,eosshillskin,247
2020-10-14,felixmanager,811
2020-10-14,tpcandyboxnb,215
2020-10-14,independence,334133
2020-10-14,1rwk5c5eosda,1135
2020-10-14,okbtothemoon,1110
2020-10-14,s2devmonitor,1153
2020-10-14,d5oqgmz1njdm,5347
2020-10-14,reilove12345,4328
2020-10-14,eosnowbanker,2584
2020-10-14,lovetomorrow,7146
2020-10-14,atmosstakerw,1633
2020-10-14,chickenadmin,40814
2020-10-14,wd4rpecihuv5,3738
2020-10-14,qntfa3kiqkvx,6656
2020-10-14,r5qtttyn35sz,261
2020-10-14,wkrumaxyu2my,565
2020-10-14,pieotcagent1,915
2020-10-14,getsomething,497
2020-10-14,skreosladder,464
2020-10-14,eostomoon555,2247
2020-10-14,greymassfuel,2256
2020-10-14,anywayforyou,906
2020-10-14,pralinlihong,4019
2020-10-14,5tz2pv2equ2a,3471
2020-10-14,seeyouseeyou,614
2020-10-14,trustdicewin,12160
2020-10-14,eosethbtc345,697
2020-10-14,wesleyliao14,4580
2020-10-14,pyqbkkp2qmzj,1868
2020-10-14,jiangjun..tp,1206
2020-10-14,stakedoctor3,29309
2020-10-14,idontknowhow,54870
2020-10-14,haztemrtguge,937
2020-10-14,gy4dinjqgmge,7485
2020-10-14,oxobank.run,7600
2020-10-14,havegoodidea,575
2020-10-14,fjumyazcjcwb,181
2020-10-14,genereospool,1712
2020-10-14,coinbasebase,765
2020-10-14,gotoswimming,885
2020-10-14,incrediblemc,35543
2020-10-14,myeospocket1,496
2020-10-14,imeosmonitor,2791
2020-10-14,zhiyang12345,1622
2020-10-14,deraqueenxxx,120
2020-10-14,comefromhere,1144
2020-10-14,qytqv5jnducw,339
2020-10-14,tomasgduarte,384
2020-10-14,smallairdrop,1859
2020-10-14,klemenb12345,301
2020-10-14,quanttrading,14601
2020-10-14,proxy4nation,987
2020-10-14,hitbtcpayout,1268
2020-10-14,iskanul12345,2959
2020-10-14,kwl5vmgenkjs,53250
2020-10-14,geytiojugene,537
2020-10-14,gyydqnrzgage,975
2020-10-14,boos1aitheen,3877
2020-10-14,33dark4rmy33,859
2020-10-14,gyzdembyg4ge,876
2020-10-14,eoseospat123,3936
2020-10-14,higoldtrader,2875
2020-10-14,searchsupply,60994
2020-10-14,eosrushpoker,930
2020-10-14,mgmgmgeos222,74491
2020-10-14,dappbirds555,2002
2020-10-14,dragonexabcd,767
2020-10-14,zyb313114.tp,1230
2020-10-14,evg1ntrykynf,172
2020-10-14,cryptomkteos,259
2020-10-14,enddyzhou123,1136
2020-10-14,oawoyiveqqvi,225
2020-10-14,tuituizhu444,318
2020-10-14,exodusstksvc,865
2020-10-14,yubaocai1233,469
2020-10-14,tangxuwallet,1580
2020-10-14,ha2tcmzthege,521
2020-10-14,eosnairobike,931
2020-10-14,g44dsmbtgmge,1090
2020-10-14,tobycher1111,184
2020-10-14,go12xytiussn,1278
2020-10-14,hz13svqnex3p,232
2020-10-14,coinonewallt,125
2020-10-14,ryin52rita52,690
2020-10-14,gamejbboneio,480
2020-10-14,symwb1ndajkd,251
2020-10-14,liebirentcpu,6240
2020-10-14,dragonisdead,664
2020-10-14,gi4dqmzshage,414
2020-10-14,yfcmonitor11,3214
2020-10-14,dfs555555555,1876
2020-10-14,passivemoney,487
2020-10-14,jackandisuky,5745
2020-10-14,darpanhongal,1181
2020-10-14,haytqnjzgmge,18998
2020-10-14,automatedres,4877
2020-10-14,croneminer11,144935
2020-10-14,xuxiaorong11,225
2020-10-14,registerwith,983
2020-10-14,eosrockygatz,12428
2020-10-14,yjsoyong1234,232
2020-10-14,txtprotocol1,1055
2020-10-14,dadaiohzy5ji,187
2020-10-14,kelvinjiang1,478
2020-10-14,zhangyupeng5,1460
2020-10-14,qypmsm2i5n3g,1537
2020-10-14,newkateeos12,11441
2020-10-14,updateoracle,145
2020-10-14,doctordoofus,665
2020-10-14,exiu4sd4egyd,1023
2020-10-14,r3saysmqf2d2,205
2020-10-14,eosbattlewom,521
2020-10-14,dafeige12345,403
2020-10-14,iloveeidos11,583713
2020-10-14,rosette.ai,155
2020-10-14,dallasjohnso,177
2020-10-14,eospluser.tp,372
2020-10-14,loveyoumovie,715
2020-10-14,waitwaitgogo,1347
2020-10-14,zbeosforsend,470
2020-10-14,hiworldgoeos,303
2020-10-14,earnbetdepo1,430
2020-10-14,cobocustody1,101
2020-10-14,jiaojiao5.tp,270
2020-10-14,aygxco5kf5n4,171
2020-10-14,dinosaur.x,686
2020-10-14,lisijiang123,321
2020-10-14,greenforests,292
2020-10-14,rouletedata2,659
2020-10-14,eosforumanon,886
2020-10-14,dawannardis1,953
2020-10-14,5vvvvvvvvvv5,488
2020-10-14,palenciapizz,6659
2020-10-14,liujinzhoutp,6352
2020-10-14,yrcngjgzsn4f,548
2020-10-14,onlyforgames,2057
2020-10-14,robathodleos,6790
2020-10-14,eosuseforfun,1800
2020-10-14,marekvrba111,3096
2020-10-14,mayunbaba123,4647
2020-10-14,eosbankvault,768
2020-10-14,hhomuttqurqn,237
2020-10-14,gyzdcnjrhage,5909
2020-10-14,epiqrelayhot,5329
2020-10-14,bcrestopnode,493
2020-10-14,eosrockzu111,401
2020-10-14,vkh2d3gt2jv1,4982
2020-10-14,eosbihuhot11,168
2020-10-14,bitpiecexbot,486
2020-10-14,aw2i1qonvzw4,288
2020-10-14,yuditgisel21,959
2020-10-14,krakenkraken,457
2020-10-14,gy2denbwhage,235
2020-10-14,a12stitch345,1145
2020-10-14,mcgtts.x,495
2020-10-14,bluebay.up,1520
2020-10-14,nieling12345,200
2020-10-14,gq3dqmagenes,1619
2020-10-14,bcgameeoswin,189
2020-10-14,douskdpnujpc,168
2020-10-14,dreamersgt22,703
2020-10-14,twinkle13.tp,237
2020-10-14,gq4denjsgege,695
2020-10-14,ilikemygirls,204
2020-10-14,eos4delegate,1302
2020-10-14,g44tqnrvgige,895
2020-10-14,genbitbrasil,127415
2020-10-14,fdeabreu2you,224
2020-10-14,gu3tonjsgmge,2000
2020-10-14,challengeyou,122
2020-10-14,hemosoulwong,1322
2020-10-14,pzaswapmmfop,1001
2020-10-14,gizdoobrgmge,659
2020-10-14,loveyoueos54,765
2020-10-14,eoscrashstke,291
2020-10-14,djlethalskil,713
2020-10-14,bitfinexeos1,457
2020-10-14,maciek111112,556
2020-10-14,tqocskipkybd,298
2020-10-14,eosiovvvvvvv,841
2020-10-14,muhammadyani,570
2020-10-14,bcresrentd21,549
2020-10-14,bcrestoprent,522
2020-10-14,gqztamrzhage,202292
2020-10-14,b2xkxhxp2vjk,231
2020-10-14,mznaeosfunds,471
2020-10-14,mrmcomercioe,140
2020-10-14,nu3toe51mcjo,144
2020-10-14,aaazzz553321,1459
2020-10-14,swordnmagicm,542
2020-10-14,eoskingdom12,649
2020-10-14,yzwvir111111,689
2020-10-14,cmbk4vzqyw4x,485
2020-10-14,rewardrenews,1472
2020-10-14,21zephyrint3,436
2020-10-14,ha3doobygyge,1000
2020-10-14,chainknights,132
2020-10-14,liquid.bank,2894
2020-10-14,hejjooneosvc,8528
2020-10-14,gi2tinbthage,522
2020-10-14,gu2tsmrxgage,1149
2020-10-14,gyztamigenes,2287
2020-10-14,delgyddelgyd,505
2020-10-14,gm3dmmzsgege,260
2020-10-14,britanyeos14,819
2020-10-14,bitpiestbill,415
2020-10-14,xip5ojlczs2d,202
2020-10-14,ubxsdbnmmrue,719
2020-10-14,gq4tcnrwhege,5460
2020-10-14,iron.bank,1239
2020-10-14,jiahongjian1,369
2020-10-14,imonebillion,431
2020-10-14,coinealeoswa,219
2020-10-14,txtprtltoken,1144
2020-10-14,lollollol123,721
2020-10-14,mazitongshe5,299
2020-10-14,peterdolphin,384
2020-10-14,chenjingyuan,1006
2020-10-14,huimouyixiao,560
2020-10-14,xxxxhortenix,1870
2020-10-14,karmatknz313,1549
2020-10-14,senseitbbsp2,10658
2020-10-14,martincarter,539
2020-10-14,haydembvg4ge,845
2020-10-14,peiyonglu123,1022
2020-10-14,qianmo111.tp,2305
2020-10-14,megroaccount,272
2020-10-14,f.io,463
2020-10-14,bestdsp.game,1494
2020-10-14,pamegarrio12,722
2020-10-14,213warren213,951
2020-10-14,aa54321aaeos,1434
2020-10-14,kucoindoteos,146
2020-10-14,withdraw.pro,220
2020-10-14,davidmarin12,162
2020-10-14,lbzlmw135ysj,626
2020-10-14,sizheng11111,510
2020-10-14,puaeflkmtj5e,198
2020-10-14,secondmoment,1204
2020-10-14,kekekekeke44,2349
2020-10-14,gmytinzrgage,349
2020-10-14,geytsmjvgene,371
2020-10-14,rosskeeley15,4947
2020-10-14,ccomtranseos,225
2020-10-14,mhanfahmi.m,4066
2020-10-14,bosibc5relay,2899
2020-10-14,porschejiu22,118
2020-10-14,gqztamzsg4ge,2243
2020-10-14,eyebroowalet,823
2020-10-14,zjgzjhshy123,44247
2020-10-14,haytmmbuhege,534
2020-10-14,nashflashman,1244
2020-10-14,siyuanzhang1,424
2020-10-14,ianjeffreys1,489
2020-10-14,eoskstop1111,1833
2020-10-14,haydmnbygene,415
2020-10-14,5tatpil1j2fk,3907
2020-10-14,eosrichme521,1642
2020-10-14,boidcomnodes,7416
2020-10-14,gu4timrtgage,901
2020-10-14,heinzsimsch1,262
2020-10-14,222kimjungim,361
2020-10-14,craigcoleman,524
2020-10-14,5rht21ucqx1k,193
2020-10-14,ez2eosmother,1099
2020-10-14,guojianyanzi,974
2020-10-14,bbnodeanimus,213
2020-10-14,taijibagua55,4595
2020-10-14,liuynqinxxxx,296
2020-10-14,g4ydomrvgage,7888
2020-10-14,ha2dsnbugege,5156
2020-10-14,moxianw55555,2001
2020-10-14,usernamefive,494
2020-10-14,glbkfebkdnne,218
2020-10-14,gy2tmojsgege,1987
2020-10-14,zyx521hx1314,1016
2020-10-14,liuchunliang,1985
2020-10-14,ez2eosfamily,1261
2020-10-14,gq4danzvgyge,250
2020-10-14,easytoeosshk,1486
2020-10-14,dinbeex1d4de,277
2020-10-14,ge2temzrgene,879
2020-10-14,yangyangeosi,1076
2020-10-14,zyfqiqi11111,1653
2020-10-14,gu2dgmzwgege,170
2020-10-14,moremoneynow,331
2020-10-14,mayunshilaji,4598
2020-10-14,cryptosid123,5206
2020-10-14,ibcfreeacunt,365
2020-10-14,tocashierest,207
2020-10-14,stakecasino1,293
2020-10-14,utcp3aaln1ft,219
2020-10-14,dsreadx12345,168
2020-10-14,jxragpptavpb,211
2020-10-14,turnermartin,452
2020-10-14,yusmarycabr1,1674
2020-10-14,zeropointxxx,1173
2020-10-14,sleepincome5,150
2020-10-14,praonthemoon,13840
2020-10-14,huiw11223344,3310
2020-10-14,ge3tqnrrgage,1832
2020-10-14,wallthoteos2,187
2020-10-14,he.bank,1403
2020-10-14,gy4taojrguge,494
2020-10-14,emanatecolab,1178
2020-10-14,zhanghuiyezi,435
2020-10-14,rexmicrofund,1450
2020-10-14,luckyslotbet,6922
2020-10-14,mr2pc1wwwn4z,239
2020-10-14,geytqmrrgene,8754
2020-10-14,treepaccount,5083
2020-10-14,gi4tanbrgige,409
2020-10-14,game215xxxxx,6314
2020-10-14,xiaoming1124,2243
2020-10-14,gy2danzsgege,327
2020-10-14,bitfinexdep1,498
2020-10-14,h1a2z3e4l.tp,6040
2020-10-14,viabtccoinex,228
2020-10-14,vw5kt3awrczt,393
2020-10-14,fangelegends,1534
2020-10-14,trumpcrypto1,929
2020-10-14,fucksonic123,274
2020-10-14,bsnuplgrgjbd,923
2020-10-14,kwkjwocdhhpe,170
2020-10-14,andrewdied12,367
2020-10-14,powerpowerpb,175
2020-10-14,tothemoon111,5035
2020-10-14,cvd4qzlghiho,159
2020-10-14,xiaoxiaoxiao,337
2020-10-14,sportbetjury,788
2020-10-14,allaglobalio,970
2020-10-14,mysysjsy1225,803
2020-10-14,professional,429
2020-10-14,qq1314521321,1891
2020-10-14,adrianaeos23,394
2020-10-14,gqvh5al2q1bq,270
2020-10-14,yoan.mlt,210
2020-10-14,playaccount1,655
2020-10-14,4jscyydlhgij,672
2020-10-14,eosfinexeos1,720
2020-10-14,eosroyalepay,6419
2020-10-14,st5dqlrcjcnm,219
2020-10-14,locatewealth,1578
2020-10-14,gqztsnbrhege,737
2020-10-14,onesgamemine,1571
2020-10-14,eosioisworld,887
2020-10-14,onesgameplay,362
2020-10-14,sw.com,666
2020-10-14,eosfinexuser,123
2020-10-14,cypherglasss,347
2020-10-14,roulettefees,151