history_block_num,rentrex,loan_num,total_lendable,total_lent,total_rent,total_rex,total_unlent
147052800,3569,404926,69129325.8922,39825476.7666,8210.1215,686310349721.4358,29303849.1256
146880000,3700,404654,69118688.0367,39285948.3183,8061.6172,686211242801.9987,29832739.7184
146707200,3781,404353,69148096.8354,38974315.9743,7978.4856,686509792038.7134,30173780.8611
146534400,4037,403671,68508785.698,37661852.5022,7639.9784,680169263522.4163,30846933.1958
146361600,4058,403359,68561427.3517,37609705.9085,7627.0352,680698705969.4128,30951721.4432
146188800,4185,402888,68485707.8242,37091885.1041,7501.2882,679954932876.1759,31393822.7201
146016000,3892,402376,68203360.5743,38067592.7253,7742.2667,677161605905.4338,30135767.849
145843200,3893,401949,67718970.309,37818459.9753,7679.5408,672363555085.862,29900510.3337
145670400,3741,401448,67157542.436,38123190.6447,7760.4397,666802898704.8531,29034351.7913
145497600,3094,401003,66847810.3247,40596344.7441,8484.8841,663741766830.2308,26251465.5806
145324800,2366,400722,66670025.0436,43799940.2164,9665.2817,661991036883.1577,22870084.8272
145152000,2149,400467,66083436.6628,44574443.6131,10007.0433,656181186049.2883,21508993.0497
144979200,2162,399940,66038446.5553,44484755.6366,9966.2871,655749069661.2449,21553690.9187
144806400,2018,399613,65952446.395,45172460.4201,10293.9903,654909673075.9476,20779985.9749
144633600,2025,399186,65636695.776,44980358.9664,10199.7492,651788742575.8665,20656336.8096
144460800,2090,398484,65290823.6613,44479987.2651,9955.0836,648368483715.6602,20810836.3962
144288000,2100,396721,65307599.3718,44438302.4028,9934.882,648549305082.406,20869296.969
144115200,2368,393911,65476784.4128,43229497.7583,9392.5242,650243580511.9755,22247286.6545
143942400,1885,390984,64730824.1427,45225807.9226,10348.8297,642849500614.6134,19505016.2201
143769600,1991,390553,64576059.6383,44605965.2499,10028.0965,641326349825.682,19970094.3884
143596800,2060,389312,64489398.4889,44218770.4111,9840.6965,640479324736.7764,20270628.0778
143424000,2026,388914,64508091.4908,44394029.4457,9927.2584,640678653810.5248,20114062.0451
143251200,2627,386461,64572116.1113,41632373.2301,8732.5598,641327872270.2014,22939742.8812
143078400,2677,386016,64467057.7018,41362480.9524,8630.6588,640297472800.6761,23104576.7494
142905600,2818,385352,64512101.3907,40782201.574,8418.9125,640757701478.661,23729899.8167
142732800,2850,385065,64532798.4246,40657905.2295,8375.0472,640975988412.2234,23874893.1951
142560000,2554,384705,64645222.2061,41991664.4897,8867.898,642105165000.4106,22653557.7164
142387200,2650,384347,65015494.2801,41753420.421,8775.8762,645795384479.7867,23262073.8591
142214400,2647,384018,65012989.0445,41768547.9243,8781.6643,645782674287.6028,23244441.1202
142041600,2447,383197,64953484.468,42629970.3259,9120.221,645203558637.679,22323514.1421
141868800,1697,382428,65063135.5458,46418528.8246,10983.9766,646304736712.6237,18644606.7212
141696000,1716,382096,65211638.1012,46389501.823,10967.081,647791803991.9816,18822136.2782
141523200,1724,381815,65248518.3377,46362478.9132,10951.3239,648169898528.9476,18886039.4245
141350400,1664,381484,64849918.3021,46496436.8949,11030.5859,644221816072.9825,18353481.4072
141177600,1653,381023,64994936.8596,46628803.266,11110.0912,645673892938.9417,18366133.5936
141004800,1682,380516,65129474.9522,46535899.7638,11054.6778,647020582755.5156,18593575.1884
140832000,2117,379995,65276209.3161,44332047.4266,9890.0734,648486436062.9846,20944161.8895
140659200,2350,379171,66826131.647,43969177.463,9726.8496,663890986924.3773,22856954.184
140486400,2702,378625,67705658.0434,42735503.5225,9241.2163,672633094511.757,24970154.5209
140313600,4448,377860,68102726.0548,35841899.2539,7252.6628,676581142634.7683,32260826.8009
140140800,5564,377044,69869452.4417,32872772.7494,6647.878,694136063381.5044,36996679.6923
139968000,5711,376590,70567505.7751,32729923.2217,6624.4019,701073869730.3917,37837582.5534
139795200,5688,376085,71197909.8289,33121015.6193,6693.4541,707339719365.3369,38076894.2096
139622400,5990,375409,71578497.3835,32312094.1451,6554.394,711123708267.7437,39266403.2384
139449600,6176,374924,72295988.779,32062382.2291,6513.861,718254828267.388,40233606.5499
139276800,6358,374613,72726370.5665,31686612.3357,6453.9727,722533594655.4464,41039758.2308
139104000,6288,374373,73322888.097,32209610.527,6537.5756,728463348068.3217,41113277.57
138931200,6253,374120,73689341.8228,32505935.8925,6585.153,732107791118.052,41183405.9303
138758400,7128,373663,73918435.6597,29833929.4817,6184.034,734387680148.7915,44084506.178
138585600,7023,373451,73977285.6215,30189178.6222,6234.214,734976367741.6162,43788106.9993
138412800,7258,373216,75002345.7591,29971302.8606,6203.5463,745164636092.3065,45031042.8985
138240000,7394,372993,74947793.9085,29524690.3785,6142.5829,744626782328.1515,45423103.53
138067200,7142,372768,75045471.0085,30355048.2825,6256.6555,745601526109.973,44690422.726
137894400,7471,372528,75051711.1297,29338673.6677,6117.5319,745668297920.4491,45713037.462
137721600,7580,372282,74961643.2572,28962183.7582,6067.4814,744778370783.7004,45999459.499
137548800,7549,372046,74907946.1499,29029815.0191,6076.3862,744250533749.5562,45878131.1308
137376000,7836,371735,75012984.2362,28217844.4231,5970.7351,745300670739.5973,46795139.8131
137203200,7486,371504,74988215.4019,29262356.7277,6107.085,745062150618.4528,45725858.6742
137030400,7541,371102,74845665.446,29025473.7278,6075.4796,743653487881.9949,45820191.7182
136857600,8332,370219,74887059.3317,26701282.4604,5782.0289,744072667610.0854,48185776.8713
136684800,3460,369487,75147224.3493,43982669.4753,9005.9614,746667916232.7683,31164554.874
136512000,3462,368873,75353947.2425,44075817.7496,9032.9426,748732195709.5259,31278129.4929
136339200,3384,368476,75382541.2595,44446951.8286,9141.2967,749026569964.1228,30935589.4309
136166400,3411,367739,75445633.6316,44353540.7266,9113.8123,749663805924.6737,31092092.905
135993600,3445,367336,75208135.5863,44081165.0473,9033.8993,747314173219.9099,31126970.539
135820800,3476,366423,75403167.6591,44038253.7302,9021.5644,749262486598.6028,31364913.9289
135648000,3517,366156,75313287.111,43809916.4722,8956.0735,748379639327.6969,31503370.6388
135475200,3362,365715,75077341.0377,44396367.0974,9126.0462,746045272060.9253,30680973.9403
135302400,3353,364668,74920764.0356,44354848.5155,9113.6972,744499537979.9636,30565915.5201
135129600,3375,364161,74894852.9578,44245508.8506,9081.1208,744252205361.7904,30649344.1072
134956800,3382,363026,74845747.5426,44188168.7108,9063.965,743774315907.3295,30657578.8318
134784000,3504,362619,74909114.0291,43673050.8758,8914.3274,744414107207.127,31236063.1533
134611200,3605,361874,74976399.1799,43255395.821,8797.0327,745092798846.0022,31721003.3589
134438400,1538,361531,75050299.6954,54294439.3435,13492.8276,745837727208.0931,20755860.3519
134265600,1491,361230,75360309.6011,54776194.7742,13808.897,748929091486.511,20584114.8269
134092800,1423,360781,75291827.4831,55211846.1348,14108.2967,748258992988.074,20079981.3483
133920000,1240,358949,75811368.6046,56818195.9871,15320.5503,753432530268.883,18993172.6175
133747200,1053,358142,76214018.9117,58523042.5286,16800.5191,757444182393.4983,17690976.3831
133574400,924,357418,76181828.7799,59624123.8282,17915.3002,757134108284.7275,16557704.9517
133401600,890,356745,76369141.5674,60026117.4869,18361.2685,759005474285.4524,16343024.0805
133228800,813,356506,76374106.1497,60747896.4686,19208.2102,759064489434.7964,15626209.6811
133056000,739,356231,76490783.7346,61541574.6875,20235.6258,760233799278.1316,14949209.0471
132883200,604,355768,76367042.1826,62907251.4917,22287.5961,759013458614.5309,13459790.6909
132710400,573,355407,76519366.5054,63333561.1716,23012.2485,760536518794.4109,13185805.3338
132537600,659,354579,76794162.6223,62506310.6802,21683.2296,763276710864.58,14287851.9421
132364800,659,354192,76775937.4671,62494959.9717,21666.4402,763103756637.4133,14280977.4954
132192000,1084,353104,77664823.0004,58774180.9498,17431.7768,771945996171.233,18890642.0506
132019200,1289,352564,77897892.4426,57170640.8666,16073.7988,774268697165.1448,20727251.576
131846400,1248,351925,77834207.9323,57475805.0621,16314.131,773641669851.6582,20358402.8702
131673600,1280,351125,77940352.388,57268754.7502,16150.8623,774702395943.5018,20671597.6378
131500800,5353,350705,77973884.6571,35672271.3166,7901.5871,775038888372.1621,42301613.3405
131328000,5281,350170,78125801.9768,36031944.1317,7969.1862,776552076268.343,42093857.8451
131155200,5408,349505,78150591.4726,35542259.6976,7877.5788,776801609637.2775,42608331.775
130982400,5333,349065,78181771.8107,35853877.7704,7935.5192,777114704203.2811,42327894.0403
130809600,5162,348431,78177463.8363,36537140.3066,8065.6969,777075020730.81,41640323.5297
130636800,5101,347859,78185733.2353,36786827.9362,8114.3161,777160267295.5333,41398905.2991
130464000,5111,347363,78161734.0734,36737124.524,8104.5455,776924776752.5216,41424609.5494
130291200,5168,346630,78251856.5428,36549241.5557,8067.8842,777823648006.661,41702614.9871
130118400,5177,345929,78181157.2367,36478550.4766,8054.1758,777124029599.8953,41702606.7601
129945600,5231,345428,78470709.6337,36405568.6734,8040.1668,780005375332.3861,42065140.9603
129772800,5313,345003,78503904.5465,36094169.2587,7981.0933,780338518747.829,42409735.2878
129600000,5381,344689,78479187.5107,35811065.1793,7928.1662,780095988725.877,42668122.3314
129427200,5357,344150,78472579.4037,35903035.9805,7945.2724,780033555215.5907,42569543.4232
129254400,6112,343709,78377707.1618,32954323.0386,7430.6008,779093665148.5016,45423384.1232
129081600,6010,343211,78404379.5725,33349682.5621,7495.751,779361936892.8456,45054697.0104
128908800,5983,342599,78320197.7322,33408938.9209,7505.5963,778528320590.0425,44911258.8113
128736000,6456,340848,78239751.4149,31628597.3225,7219.0827,777731681426.8169,46611154.0924
128563200,6579,339882,78111395.0654,31119772.5453,7141.4454,776458765259.9204,46991622.5201
128390400,6696,339367,78128037.2933,30714408.0392,7080.3423,776627205725.94,47413629.2541
128217600,6566,338703,78235402.2072,31230815.6825,7158.2032,777697512700.6602,47004586.5247
128044800,6379,338403,78492160.0443,32030027.5055,7282.0972,780252936577.6415,46462132.5388
127872000,6565,338067,78551604.2535,31388055.5318,7182.8623,780847118378.6836,47163548.7217
127699200,6105,337618,78606033.0217,33100735.9319,7453.0001,781391429979.231,45505297.0898
127526400,5787,336831,78493716.4787,34244874.8835,7645.675,780278355498.1932,44248841.5952
127353600,5776,336131,78509535.3548,34294541.4779,7654.2308,780439028237.6221,44214993.8769
127180800,5730,335681,78703852.0292,34566206.6348,7701.3619,782374099731.6945,44137645.3944
127008000,5505,334557,78739709.8243,35459803.1395,7860.4191,782733988732.4142,43279906.6848
126835200,5544,333511,78810021.9781,35342491.8329,7839.181,783436391498.5349,43467530.1452
126662400,5461,332402,78777488.7735,35652445.6895,7895.4812,783116450063.5496,43125043.084
126489600,5423,331766,78950461.0924,35890997.4778,7939.13,784839379597.5839,43059463.6146
126316800,5425,331028,78796396.9506,35805973.289,7923.2836,783311216054.0197,42990423.6616
126144000,5495,330512,78901964.8167,35582854.3577,7882.3069,784364030192.5769,43319110.459
125971200,5393,330167,78886923.2934,35980989.607,7955.1742,784217874439.0062,42905933.6864
125798400,5312,329535,78809899.6875,36266736.84,8008.4759,783455486251.045,42543162.8475
125625600,5108,328634,78829002.8154,37100208.1311,8168.4622,783648742111.8176,41728794.6843
125452800,5059,327984,78660069.8006,37217830.3503,8191.5387,781972737227.6327,41442239.4503
125280000,5037,327358,78797576.7948,37376405.6808,8222.8277,783343130541.2756,41421171.114
125107200,5030,326652,78728189.6106,37367740.8451,8221.0409,782656772448.6571,41360448.7655
124934400,5013,326062,78725412.18,37438155.3818,8235.0487,782632576225.6958,41287256.7982
124761600,5047,325186,78840511.6582,37354300.1762,8218.3475,783780252546.7156,41486211.482
124588800,4988,324210,78800855.0669,37579548.6249,8263.2278,783389398564.5663,41221306.442
124416000,5068,323657,78880796.3856,37288150.9989,8205.3194,784187458338.8551,41592645.3867
124243200,5038,323041,79021033.875,37484714.6914,8244.1948,785584856691.3,41536319.1836
124070400,5438,322233,79044808.0423,35876069.2237,7936.803,785824180072.8625,43168738.8186
123897600,5663,321624,79002742.19,34972504.0894,7774.1004,785408879490.4723,44030238.1006
123724800,5548,320958,79010876.0999,35425175.1916,7854.8591,785492656535.9115,43585700.9083
123552000,5489,319352,79025031.1781,35667047.6557,7898.6218,785636355524.5846,43357983.5224
123379200,5473,318489,78651852.596,35541834.3247,7875.7395,781929359804.9775,43110018.2713
123206400,5196,318161,78689687.0791,36664817.6293,8086.1992,782308467539.6348,42024869.4498
123033600,5027,317758,76630706.5476,36320007.7021,8017.329,761841633743.3115,40310698.8455
122860800,5237,317417,76633849.9333,35490550.9679,7855.6891,761875735866.499,41143298.9654
122688000,5140,316901,76795287.8155,35954617.0101,7945.2919,763483429464.6947,40840670.8054
122515200,6306,315386,76787043.4407,31553361.5968,7172.1854,763404143463.2937,45233681.8439
122342400,6742,314790,76792681.2399,30017445.3562,6936.6459,763462625275.8372,46775235.8837
122169600,6779,314174,76909174.6039,29948577.9005,6926.4447,764623218198.712,46960596.7034
121996800,6891,313686,76998595.8063,29606872.1062,6876.4389,765514644885.7937,47391723.7001
121824000,7239,313161,77022019.8546,28436260.1568,6710.8052,765749926740.3602,48585759.6978
121651200,7299,312623,77037339.8641,28241478.6665,6683.9925,765904607920.0815,48795861.1976
121478400,7148,312127,77187704.3585,28825717.0718,6765.0651,767401927893.3448,48361987.2867
121305600,7247,311736,77269828.2074,28532545.1306,6724.354,768220758519.7465,48737283.0768
121132800,7268,307298,77308391.4944,28479975.2752,6717.1176,768606581339.5938,48828416.2192
120960000,7347,298591,77303901.3315,28214627.7088,6680.7962,768564343271.9783,49089273.6227
120787200,7161,294942,77344764.1362,28859013.7334,6769.5175,768973025532.3942,48485750.4028
120614400,7279,294292,77171434.599,28375393.0293,6702.5153,767252188059.4012,48796041.5697
120441600,7858,293772,77466132.6307,26617459.6648,6469.6319,770184564310.3903,50848672.9659
120268800,7943,293379,77518062.4532,26369113.2367,6438.1828,770703300341.7332,51148949.2165
120096000,8055,292635,77991421.9137,26246370.2026,6422.8771,775411960966.2788,51745051.7111
119923200,8145,291959,78002349.4234,25965028.7036,6388.1332,775522949924.8563,52037320.7198
119750400,8107,291478,78007250.4902,26086737.5881,6403.1044,775573959206.3785,51920512.9021
119577600,7922,290917,77804029.7492,26582557.3221,6465.098,773555678678.28,51221472.4271
119404800,7955,290172,77991875.4821,26569855.2538,6463.4038,775425542824.1132,51422020.2283
119232000,7945,289802,78091238.8081,26651101.0479,6473.6183,776415729713.1046,51440137.7602
119059200,8100,289536,78178840.3917,26195431.9812,6416.7801,777288929555.9941,51983408.4105
118886400,10101,288788,78317823.4253,20188956.7024,5753.5683,778672864539.4957,58128866.7229
118713600,7741,287947,78305918.689,27426485.8822,6572.1096,778556847713.4333,50879432.8068
118540800,7852,287652,78450779.2005,27133956.0317,6534.6225,779999583400.8147,51316823.1688
118368000,7336,286413,78283034.2108,28764234.7129,6749.1585,778334216103.2162,49518799.4979
118195200,6001,285858,78118829.4651,33395093.4897,7451.4122,776704232523.8418,44723735.9754
118022400,6372,285337,78015316.3985,31985662.3763,7222.7298,775677681310.5525,46029654.0222
117849600,6350,285086,78837750.3602,32476106.7187,7300.3726,783857516790.377,46361643.6415
117676800,6371,284864,79029782.9019,32496054.4319,7303.5152,785769515614.3008,46533728.47
117504000,6554,284654,79315368.2056,31972016.0503,7222.1675,788611718571.4666,47343352.1553
117331200,6563,284498,79321614.1425,31944746.2098,7218.005,788676563789.7306,47376867.9327
117158400,6499,284287,79034603.2127,32030188.0143,7231.0244,785825632940.2441,47004415.1984
116985600,6458,284046,78982664.1228,32156233.0969,7250.4303,785311953534.2867,46826431.0259
116812800,6419,283812,79155775.2155,32382025.9151,7285.5242,787035965628.79,46773749.3004
116640000,6293,283648,78727064.143,32630485.3883,7324.4069,782776165652.5999,46096578.7547
116467200,6192,283461,78736407.5138,33003802.4358,7384.2036,782871922798.2161,45732605.078
116294400,6311,283258,78527340.4878,32462074.509,7297.7319,780795991792.849,46065265.9788
116121600,6260,283109,78586945.9869,32679592.5133,7332.3015,781391523016.04,45907353.4736
115948800,6220,282918,78616839.0563,32840043.4113,7358.0425,781691664374.5308,45776795.645
115776000,6230,282705,78633339.9608,32814853.4152,7353.9805,781858729386.1898,45818486.5456
115603200,6430,282526,78705443.2422,32119138.48,7244.2053,782578689955.1819,46586304.7622
115430400,6280,282338,79028376.246,32829066.4807,7355.8699,785792858918.4167,46199309.7653
115257600,6449,282066,79437055.8304,32416219.0573,7290.7187,789859629263.1718,47020836.7731
115084800,6468,281934,79594566.0798,32425816.684,7292.1834,791428948603.7245,47168749.3958
114912000,6385,281805,79584893.6748,32722513.6832,7338.3377,791336040802.6636,46862379.9916
114739200,6407,281400,79550095.503,32624351.061,7322.9712,790993423741.6827,46925744.442
114566400,6409,281187,79705331.9449,32696268.1866,7334.2421,792540474431.411,47009063.7583
114393600,6471,281045,79639979.1803,32435440.3096,7293.7044,791894191755.8657,47204538.8707
114220800,6371,280832,79756727.9838,32859565.7005,7359.8798,793058669967.6521,46897162.2833
114048000,6238,280642,79458460.7413,33202837.8229,7414.6028,790096433640.9348,46255622.9184
113875200,6285,280501,79829089.6692,33212840.5179,7416.217,793785404069.4109,46616249.1513
113702400,6298,280336,79799667.6268,33149222.3154,7406.1108,793496449999.1935,46650445.3114
113529600,7303,280076,80171967.9742,29753064.7309,6902.6146,797201945187.6848,50418903.2433
113356800,7010,279895,80233979.8247,30808472.5604,7050.11,797822288736.8745,49425507.2643
113184000,7081,279366,80640813.0279,30767738.9647,7042.5296,801871519838.3982,49873074.0632
113011200,6047,278853,80643702.4211,34554136.9497,7621.1628,801904762293.2417,46089565.4714
112838400,4020,278388,80602733.7304,43045505.5986,9342.5919,801502935520.1908,37557228.1318
112665600,4045,278247,80554452.0489,42902658.209,9307.1195,801028580562.0029,37651793.8399
112492800,4163,278083,80458680.8003,42312444.4324,9162.8907,800082080443.4603,38146236.3679
112320000,4186,277912,80882452.6323,42415439.9921,9187.4489,804301929333.4996,38467012.6402
112147200,4199,277796,80866875.8047,42350359.0429,9171.889,804152887843.4269,38516516.7618
111974400,4262,277654,81177520.9708,42218626.1179,9140.6833,807247977578.1385,38958894.8529
111801600,4299,277417,81236128.2966,42079829.8642,9108.2036,807836882740.3931,39156298.4324
111628800,4366,277226,81171004.881,41742673.6115,9030.2739,807195347562.9254,39428331.2695
111456000,4427,277101,81044842.6951,41402101.9497,8952.822,805946877457.7178,39642740.7454
111283200,4540,276949,81001364.4818,40880409.9091,8836.4555,805520664868.6309,40120954.5727
111110400,2903,276797,66052225.0179,40600815.6634,8765.1739,656863942366.5743,25451409.3545
110937600,2846,276622,65800337.2397,40728749.9322,8808.861,654365180638.0509,25071587.3075
110764800,2895,276367,65914650.3436,40572155.8406,8754.3586,655508238522.5247,25342494.503
110592000,2948,275875,65957245.4412,40361130.4409,8682.0298,655938232602.1694,25596115.0003
110419200,3016,275724,65915207.8934,40047960.833,8577.0321,655526501018.8547,25867247.0604
110246400,3115,275542,65936901.9563,39635417.7648,8442.7358,655748538065.3394,26301484.1915
110073600,3077,275243,65918229.3631,39787191.4811,8491.538,655569255159.0688,26131037.882
109900800,2972,275105,64728680.8257,39636159.867,8442.3639,643745489035.5453,25092520.9587
109728000,3413,274811,67683745.5481,39265145.1209,8325.2872,673141186849.9698,28418600.4272
109555200,3412,274606,67765554.2185,39311743.1161,8338.9364,673961220959.4158,28453811.1024
109382400,3488,274330,67704485.6613,38965749.0805,8238.3876,673360195175.8154,28738736.5808
109209600,3811,273698,68890503.191,38239291.5652,8042.6047,685162245994.9785,30651211.6258
109036800,3920,273506,69207681.3198,37958610.0008,7970.45,688323236076.3936,31249071.319
108864000,3817,273212,69014365.965,38276023.9905,8052.6359,686407113210.1328,30738341.9745
108691200,3770,273034,68973014.8687,38443817.2244,8096.7631,686002520644.1493,30529197.6443
108518400,3394,272715,68482834.4177,39755051.5668,8462.3795,681133991432.0294,28727782.8509
108345600,4442,272468,68386149.7113,35579309.1483,7385.3087,680179573567.3647,32806840.563
108172800,3638,272220,67469544.2436,38190927.4795,8046.84,671070189186.0518,29278616.7641
108000000,3417,271777,67011142.9971,38862094.5264,8238.0606,666518214579.9095,28149048.4707
107827200,2870,270864,66623641.3199,40997425.9134,8926.4632,662671460568.2758,25626215.4065
107654400,1165,270431,66360862.0686,50140946.1825,13925.5937,660066366679.414,16219915.8861
107481600,1210,269000,66200690.0918,49748886.8086,13594.615,658482118247.3645,16451803.2832
107308800,1249,266454,66458614.4028,49616342.2616,13486.5757,661056273907.9893,16842272.1412
107136000,1272,265482,66561545.8973,49513736.7732,13405.1058,662088742444.2932,17047809.1241
106963200,1299,265136,66935388.8549,49514352.7389,13405.4485,665816081689.965,17421036.116
106790400,1313,264885,66947430.7707,49428557.4426,13339.6252,665944433307.0095,17518873.3281
106617600,1418,264732,66859423.5738,48700399.3673,12804.9043,665077482427.0717,18159024.2065
106444800,1414,263971,66730828.6417,48659150.7895,12775.7379,663806788134.0594,18071677.8522
106272000,1398,263806,66512560.1277,48656684.6965,12773.9477,661643981832.6776,17855875.4312
106099200,1384,263588,66237445.9667,48603343.9522,12735.9149,658915809280.7781,17634102.0145
105926400,1384,262900,65965410.2636,48468193.8581,12637.6801,656218168995.3278,17497216.4055
105753600,1508,261770,66422084.5543,47927498.8605,12260.1237,660769711840.2076,18494585.6938
105580800,1582,261165,66594324.0995,47563914.2685,12025.0235,662491499890.985,19030409.831
105408000,1573,260921,66633871.3862,47641325.3914,12074.2599,662893320008.3618,18992545.9948
105235200,1643,260714,67069811.5813,47437353.5588,11948.775,667238671908.4615,19632458.0225
105062400,1699,260186,66936200.3476,47041071.3911,11710.7786,665918191091.2783,19895128.9565
104889600,1730,259488,67513353.7105,47146812.9934,11773.2155,671668827285.0092,20366540.7171
104716800,1822,258831,68386308.5981,47040326.1476,11713.6065,680362342668.9285,21345982.4505
104544000,1863,258547,68666848.6645,46939688.236,11659.0134,683162091689.2227,21727160.4285
104371200,1873,258121,68739613.3477,46917052.9209,11647.4038,683894833534.5292,21822560.4268
104198400,1797,257895,69117312.099,47560399.9855,11997.4882,687661861863.429,21556912.1135
104025600,1731,257260,69189094.7664,47994812.2124,12243.2274,688385737843.8716,21194282.554
103852800,1815,256914,69433793.6665,47608566.7129,12027.2215,690830205932.7533,21825226.9536
103680000,1808,256591,68306847.2989,47082156.0133,11735.2993,679627645561.3016,21224691.2856
103507200,1685,256332,68037715.2523,47681528.9333,12080.2237,676960052173.8491,20356186.319
103334400,1984,256023,67536220.1652,45692376.2663,11010.6229,671980387215.2885,21843843.8989
103161600,2600,255713,68414772.9107,42898960.0403,9814.6193,680731400377.2275,25515812.8704
102988800,2512,255451,68340498.565,43296881.6927,9968.8592,680001886141.4438,25043616.8723
102816000,4131,255022,68246196.8232,36185040.0128,7759.5398,679072834701.0096,32061156.8104
102643200,2194,254093,68567997.7788,45096106.1166,10698.2616,682282613717.961,23471891.6622
102470400,526,253600,69122462.9659,57347401.3111,22392.8889,687806541112.9344,11775061.6548
102297600,527,253403,69054928.7334,57296809.1826,22295.9158,687141161793.6543,11758119.5508
102124800,539,253260,69149673.5166,57211557.983,22136.3829,688089865335.4369,11938115.5336
101952000,532,253138,68777184.8298,57100412.9944,21930.0817,684389491301.5723,11676771.8354
101779200,535,253033,68787543.0457,57073735.9591,21880.1681,684498554384.2498,11713807.0866
101606400,528,252907,68587177.4965,57056126.0909,21846.8071,682510958110.762,11531051.4056
101433600,534,252784,68642366.3465,57016406.4602,21772.0993,683066499103.2745,11625959.8863
101260800,524,252606,68234540.727,56918662.1363,21585.8587,679014189633.6237,11315878.5907
101088000,532,252411,68210927.1379,56817923.6708,21395.2364,678784494062.326,11393003.4671
100915200,544,252210,68331945.8965,56752738.2783,21273.4287,679994517924.7072,11579207.6182
100742400,558,251956,68421083.2562,56650720.0607,21088.4158,680887026344.2823,11770363.1955
100569600,556,251701,68502620.889,56714757.1173,21204.1704,681703598195.5886,11787863.7717
100396800,562,251374,68713134.7724,56754525.4761,21275.1471,683803035257.4802,11958609.2963
100224000,579,250979,68691627.726,56564071.4452,20936.9907,683592923542.944,12127556.2808
100051200,595,250664,68795171.5625,56446731.8506,20737.244,684627076810.8905,12348439.7119
99878400,599,250383,68785237.4473,56405476.5301,20668.2159,684531823922.7188,12379760.9172
99705600,599,250045,68944854.5913,56490017.7238,20808.6935,686123837282.5243,12454836.8675
99532800,636,249807,69053622.102,56161898.28,20275.1487,687209402455.5695,12891723.822
99360000,714,249486,69219283.8352,55471336.6467,19249.852,688860652259.9734,13747947.1885
99187200,720,249207,69206396.262,55412353.9285,19168.0982,688734763779.2675,13794042.3335
99014400,776,248762,69621932.0105,55088805.4066,18737.1638,692872259651.28,14533126.6039
98841600,805,248342,69532530.8149,54775511.4399,18341.8426,691984331710.4923,14757019.375
98668800,931,247850,70388331.1604,54067573.4461,17525.4187,700502600488.8629,16320757.7143
98496000,865,247519,71120512.8598,55028587.1023,18612.9898,707790367524.4028,16091925.7575
98323200,885,246166,71289498.905,54918841.73,18487.1899,709472873443.7059,16370657.175
98150400,819,244812,72089642.2893,55964747.8314,19697.3845,717436054023.2084,16124894.4579
97977600,983,242424,72438774.4681,54575662.0765,18166.6346,721025036419.6653,17863112.3916
97804800,428,240002,73729637.8919,61567950.0015,28397.2511,734239297223.4263,12161687.8904
97632000,445,239730,73450273.9542,61192364.0543,27542.9567,731469686995.7902,12257909.8999
97459200,444,239730,73431374.7755,61192364.0543,27542.9567,731285407352.0325,12239010.7212
97286400,444,239730,73434901.0896,61192364.0543,27542.9567,731324536601.2072,12242537.0353
97113600,444,239730,73433968.1897,61192364.0543,27542.9567,731319691022.1317,12241604.1354
96940800,444,239730,73431103.4167,61192364.0543,27542.9567,731291728235.1223,12238739.3624
96768000,444,239730,73435276.9012,61192364.0543,27542.9567,731344867028.248,12242912.8469
96595200,444,239730,73430837.3827,61192364.0543,27542.9567,731304753515.8007,12238473.3284
96422400,444,239730,73430837.0898,61192364.0543,27542.9567,731308995430.737,12238473.0355
96249600,444,239730,73430948.866,61192364.0543,27542.9567,731314136084.5907,12238584.8117
96076800,444,239730,73430836.8652,61192364.0543,27542.9567,731317079758.5641,12238472.8109
95904000,445,239730,73437514.8179,61192364.0543,27542.9567,731387666434.2021,12245150.7636
95731200,444,239730,73430836.8652,61192364.0543,27542.9567,731325434328.6498,12238472.8109
95558400,477,239262,73784994.6665,60926501.6105,26968.3526,734862507881.6813,12858493.056
95385600,487,238907,73813175.1018,60802545.8929,26713.001,735151444478.384,13010629.2089
95212800,496,238563,73583270.1921,60572562.5907,26242.0046,732866816408.5231,13010707.6014
95040000,499,238114,73570743.3367,60525133.1282,26146.7236,732747372425.8287,13045610.2085
94867200,500,237705,73476749.074,60460037.0214,26016.2478,731812654799.7393,13016712.0526
94694400,521,237211,73737911.0765,60327606.6325,25758.8754,734416542655.9865,13410304.444
94521600,581,236516,75052283.9521,60215647.4912,25546.3402,747514250013.9412,14836636.4609
94348800,656,235820,76365327.9392,59926472.2882,25069.1366,760597601279.5468,16438855.651
94176000,705,235104,77111563.4943,59688376.0597,24720.8155,768050074761.3674,17423187.4346
94003200,721,234473,77107766.7881,59483088.0295,24433.2333,768015408264.109,17624678.7586
93830400,782,234034,78277323.3539,59327890.7712,24221.7643,779666857179.5454,18949432.5827
93657600,797,233302,78468280.1495,59245857.0969,24117.4893,781570581805.3479,19222423.0526
93484800,913,232578,78892552.375,58100321.8545,22775.3655,785819399182.5511,20792230.5205
93312000,934,231821,78192044.7071,57518001.0203,22136.8759,778848673046.0096,20674043.6868
93139200,873,230921,78253210.4719,58235504.4768,22926.017,779477891385.5883,20017705.9951
92966400,910,230018,78850926.9342,58105431.889,22789.2823,785462474059.7141,20745495.0452
92793600,1478,228019,78370983.8633,52208211.2278,17701.8289,780876034236.4489,26162772.6355
92620800,257,225095,86991253.286,72381660.9826,56752.4074,867120507037.183,14609592.3034
92448000,253,225095,87022987.183,72518695.0699,57287.1497,867531470109.4896,14504292.1131
92275200,252,225095,87138847.0366,72614648.9206,57666.4506,868691265111.6445,14524198.116
92102400,250,225095,87301242.5475,72748102.208,58197.5447,870310359000.3323,14553140.3395
91929600,242,225095,88099673.847,73403033.3778,60835.9045,878274623870.5052,14696640.4692
91756800,239,225095,88329694.9601,73601705.8819,61662.4324,880567881473.3396,14727989.0782
91584000,231,225095,89014761.0259,74178522.6353,64113.3499,887401587470.1768,14836238.3906
91411200,191,225095,93523284.5646,77934822.0351,81749.1228,932354146791.9001,15588462.5295
91238400,189,225095,93783083.543,78152259.3005,82892.4105,934951867564.5507,15630824.2425
91065600,188,225095,93870251.611,78225129.7114,83279.3811,935821046940.9128,15645121.8996
90892800,186,225095,94165860.2678,78471445.5649,84590.2862,938768239889.8303,15694414.7029
90720000,185,225095,94216212.618,78513275.3376,84815.8542,939270382351.4979,15702937.2804
90547200,176,225095,95413848.1703,79510015.7005,90321.0021,951216967566.3098,15903832.4698
90374400,176,225095,95477198.3093,79564063.5454,90628.2185,951848669021.4705,15913134.7639
90201600,175,225095,95516517.306,79595910.7417,90809.6048,952240841836.5022,15920606.5643
90028800,174,225095,95631866.7829,79692937.3336,91363.7834,953394940045.2821,15938929.4493
89856000,174,225095,95678598.0074,79727023.3993,91559.1939,953865486097.7809,15951574.6081
89683200,176,225095,95914475.9802,79770926.2522,91811.3959,956217455567.1567,16143549.728
89510400,173,225095,95768497.0842,79806408.7236,92014.8436,954763190812.2258,15962088.3606
89337600,173,225095,95864293.6073,79886890.9316,92479.1467,955722480792.3268,15977402.6757
89164800,170,225095,96209466.3196,80174376.2855,94149.6347,959167983893.2529,16035090.0341
88992000,169,225095,96393177.5309,80327639.1607,95052.4742,961004617233.7408,16065538.3702
88819200,166,225095,96776094.0042,80646699.5631,96954.3764,964828321371.7089,16129394.4411
88646400,165,225095,96958869.6772,80795096.7479,97849.1809,966651481987.6917,16163772.9293
88473600,157,225095,98185163.421,81800256.109,104047.5667,978877786868.5072,16384907.312
88300800,156,225095,98304421.6471,81919651.603,104806.1847,980067252765.6628,16384770.0441
88128000,146,225095,99836042.4325,83229409.3956,113365.782,995337494942.0676,16606633.0369
87955200,196,221515,101233190.5789,81326119.0375,101766.4678,1009405174255.0135,19907071.5414
87782400,266,215504,101396957.8819,78094834.277,87669.3924,1011221593187.845,23302123.6049
87609600,2577,204117,103841692.4748,28827442.4522,29111.8571,1036225955114.5366,75014250.0226
87436800,3580,198592,103851034.7852,15415786.3686,24699.6574,1036372869824.5803,88435248.4166
87264000,3633,194667,105502527.6517,15586064.7043,24747.3665,1052854569034.4438,89916462.9474
87091200,3615,191302,105173989.6525,15652512.8566,24765.6521,1049579789318.8829,89521476.7959
86918400,3630,188562,105369605.8734,15559747.0665,24740.0198,1051536171839.5659,89809858.8069
86745600,3692,185308,105665572.6634,14945409.0132,24572.0773,1054495673134.9697,90720163.6502
86572800,3701,182181,105630871.6789,14818037.9157,24537.6193,1054153905896.9958,90812833.7632
86400000,3707,178392,105405224.4005,14628084.4989,24486.3499,1051903034446.5101,90777139.9016
86227200,3927,166983,105467723.5363,12001086.7625,23798.5394,1052537287407.3063,93466636.7738
86054400,4067,165004,105570258.9018,10407492.0118,23399.6319,1053568286210.2946,95162766.89
85881600,4021,163198,105506761.3823,10910987.1814,23524.0779,1052938921205.5793,94595774.2009
85708800,4025,161358,105293497.0955,10763116.4275,23487.3612,1050811812756.218,94530380.668
85536000,4022,159444,105271021.7405,10787366.2579,23493.3658,1050590703958.0043,94483655.4826
85363200,4005,157765,104942699.2831,10817601.3842,23500.882,1047316870420.1715,94125097.8989
85190400,3995,155927,104914115.2956,10919972.1499,23526.4709,1047033317603.9337,93994143.1457
85017600,4000,152205,104835329.6292,10818594.4432,23501.0996,1046250275917.3951,94016735.186
84844800,4012,147869,104998846.1687,10762620.8478,23487.1177,1047885819885.2561,94236225.3209
84672000,4012,145547,104899756.1955,10714611.2112,23475.0681,1046900682843.2474,94185144.9843
84499200,4016,142928,104916154.0187,10680951.4227,23466.6809,1047068609156.3444,94235202.596
84326400,3841,140735,104836557.1727,12709214.3803,23983.0011,1046285781145.9918,92127342.7924
84153600,3837,138280,104821956.5195,12748996.5834,23993.3453,1046144439678.8562,92072959.9361
